<?xml version="1.0" encoding="UTF-8"?>
<window>
        <onload>RunScript(script.skinshortcuts,type=buildxml&amp;mainmenuID=9000)</onload>
	<menucontrol>9000</menucontrol>
	<defaultcontrol>9000</defaultcontrol>
<!-- 	<onload condition="ControlGroup(700).HasFocus">SetFocus(9000,0)</onload>
 -->	<backgroundcolor>background</backgroundcolor>
	<controls>
		<control type="button" id="20000">
			<include>HiddenObject</include>
			<animation effect="fade" time="300" start="100" end="0">Focus</animation>
			<onfocus>SetFocus(2000)</onfocus>
			<onclick>noop</onclick>
			<visible allowhiddenfocus="true">Control.HasFocus(20000)</visible>
		</control>
		<control type="button" id="20001">
			<include>HiddenObject</include>
			<animation effect="fade" time="300" start="100" end="0">Focus</animation>
			<onfocus>SetFocus(2000)</onfocus>
			<onclick>noop</onclick>
			<visible allowhiddenfocus="true">Control.HasFocus(20001)</visible>
		</control>
		<include>DefaultBackground</include>
		<control type="multiimage">
			<depth>DepthBackground</depth>
			<include>FullScreenDimensions</include>
			<aspectratio>scale</aspectratio>
			<fadetime>600</fadetime>
			<animation effect="zoom" center="auto" end="102,102" time="0" condition="IntegerGreaterThan(System.StereoscopicMode,0)">conditional</animation>
			<animation effect="fade" start="0" end="100" time="400">WindowOpen</animation>
			<animation effect="fade" start="100" end="0" time="300">WindowClose</animation>
			<animation effect="fade" time="400">VisibleChange</animation>
			<imagepath background="true" colordiffuse="20FFFFFF">$VAR[HomeFanartVar]</imagepath>
			<visible>!Player.HasMedia</visible>
		</control>
		<control type="group" id="2000">
			<animation effect="fade" start="100" end="0" time="200" tween="sine" condition="Window.IsActive(musicinformation) | Window.IsActive(movieinformation) | Window.IsActive(addoninformation)">Conditional</animation>
			<animation type="Conditional" condition="Control.IsVisible(20000)" reversible="false">
				<effect type="slide" end="0,20" time="60" tween="sine" />
				<effect type="slide" end="0,-20" time="180" tween="sine" delay="80" />
			</animation>
			<animation type="Conditional" condition="Control.IsVisible(20001)" reversible="false">
				<effect type="slide" end="0,-20" time="60" tween="sine" />
				<effect type="slide" end="0,20" time="180" tween="sine" delay="80" />
			</animation>
			<top>78</top>
			<left>20</left>
			<include>OpenClose_Right</include>
			<control type="group" id="5000">
				<include>Visible_Right_Delayed</include>
				<control type="button" id="5888">
					<width>1</width>
					<height>1</height>
					<label>-</label>
					<onfocus>SetFocus(5001)</onfocus>
					<onfocus condition="IntegerGreaterThan(Container(5200).NumItems,0)">SetFocus(5200)</onfocus>
					<onfocus condition="IntegerGreaterThan(Container(5100).NumItems,0)">SetFocus(5100)</onfocus>
					<onclick>noop</onclick>
					<texturefocus>-</texturefocus>
					<texturenofocus>-</texturenofocus>
				</control>
				<control type="grouplist" id="5001">
					<orientation>vertical</orientation>
					<height>922</height>
					<scrolltime tween="cubic" easing="out">500</scrolltime>
					<itemgap>-2</itemgap>
                                        <control type="group">
			                        <height>110</height>
			                        <animation effect="slide" end="110,0" time="0" condition="!IntegerGreaterThan(Container(5900).NumItems,0)">conditional</animation>
			                        <animation effect="slide" end="110,0" time="0" condition="!IntegerGreaterThan(Container(5900).NumItems,1)">conditional</animation>
			                        <animation effect="slide" end="110,0" time="0" condition="!IntegerGreaterThan(Container(5900).NumItems,2)">conditional</animation>
			                        <animation effect="slide" end="110,0" time="0" condition="!IntegerGreaterThan(Container(5900).NumItems,3)">conditional</animation>
			                        <animation effect="slide" end="110,0" time="0" condition="!IntegerGreaterThan(Container(5900).NumItems,4)">conditional</animation>
			                        <animation effect="slide" end="110,0" time="0" condition="!IntegerGreaterThan(Container(5900).NumItems,5)">conditional</animation>
			                        <animation effect="slide" end="110,0" time="0" condition="!IntegerGreaterThan(Container(5900).NumItems,6)">conditional</animation>
			                        <animation effect="slide" end="110,0" time="0" condition="!IntegerGreaterThan(Container(5900).NumItems,7)">conditional</animation>
			                        <control type="label">
				                        <left>235</left>
				                        <top>53</top>
				                        <width>700</width>
				                        <height>40</height>
				                        <label>$INFO[Container(5900).Listitem.Label]</label>
				                        <shadowcolor>text_shadow</shadowcolor>
				                        <font>font20_title</font>
				                        <align>right</align>
				                        <animation effect="fade" time="200">VisibleChange</animation>
				                        <visible>Control.HasFocus(5900)</visible>
			                        </control>
			                        <control type="panel" id="5900">
				                        <orientation>horizontal</orientation>
				                        <onleft>9000</onleft>
				                        <left>935</left>
				                        <top>22</top>
				                        <height>110</height>
				                        <width>1355</width>
				                        <onup>20000</onup>
				                        <ondown>5100</ondown>
				                        <itemlayout width="110" height="120">
					                        <control type="image">
						                        <width>130</width>
						                        <height>110</height>
						                        <align>center</align>
						                        <aligny>center</aligny>
						                        <texture border="40">buttons/button-nofo.png</texture>
					                        </control>
					                        <control type="image">
						                        <left>45</left>
						                        <top>35</top>
						                        <width>40</width>
						                        <height>40</height>
						                        <align>center</align>
						                        <aligny>center</aligny>
						                        <texture>$INFO[ListItem.Icon]</texture>
					                        </control>
				                        </itemlayout>
				                        <focusedlayout width="110" height="120">
					                        <control type="image">
						                        <width>130</width>
						                        <height>110</height>
						                        <align>center</align>
						                        <aligny>center</aligny>
						                        <texture border="40">buttons/button-theme-fo.png</texture>
					                        </control>
					                        <control type="image">
						                        <left>45</left>
						                        <top>35</top>
						                        <width>40</width>
						                        <height>40</height>
						                        <align>center</align>
						                        <aligny>center</aligny>
						                        <texture>$INFO[ListItem.Icon]</texture>
					                        </control>
				                        </focusedlayout>
				                        <content>
                                                                <include>skinshortcuts-submenu</include>
				                        </content>
			                        </control>
		                        </control>

					<include name="WidgetListMovies">
						<param name="content_path" value=$INFO[Container(9000).ListItem.Property(widgetPath)] />
						<param name="widget_header" value=$INFO[Container(9000).ListItem.Property(widgetName)] />
						<param name="widget_target" value=$INFO[Container(9000).ListItem.Property(widgetType)] />
						<param name="list_id" value="5100"/>
						<param name="list_oninfo" value="RunScript(script.extendedinfo,info=extendedinfo,dbid=$INFO[Container(5100).ListItem.Dbid])"/>
						<param name="onup_id" value="5900"/>
						<param name="ondown_id" value="5200"/>	
					</include>
					<include name="WidgetListMovies">
						<param name="content_path" value=$INFO[Container(9000).ListItem.Property(widgetPath.2)] />
						<param name="widget_header" value=$INFO[Container(9000).ListItem.Property(widgetName.2)] />
						<param name="widget_target" value=$INFO[Container(9000).ListItem.Property(widgetType.2)] />
						<param name="list_id" value="5200"/>
						<param name="list_oninfo" value="RunScript(script.extendedinfo,info=extendedinfo,dbid=$INFO[Container(5200).ListItem.Dbid])"/>
						<param name="onup_id" value="5100"/>
						<param name="ondown_id" value="5300"/>
					</include>
					<include name="WidgetListMovies">
						<param name="content_path" value=$INFO[Container(9000).ListItem.Property(widgetPath.3)] />
						<param name="widget_header" value=$INFO[Container(9000).ListItem.Property(widgetName.3)] />
						<param name="widget_target" value=$INFO[Container(9000).ListItem.Property(widgetType.3)] />
						<param name="list_id" value="5300"/>
						<param name="list_oninfo" value="RunScript(script.extendedinfo,info=extendedinfo,dbid=$INFO[Container(5300).ListItem.Dbid])"/>
						<param name="onup_id" value="5200"/>
						<param name="ondown_id" value="5400"/>
					</include>
					<include name="WidgetListMovies">
						<param name="content_path" value=$INFO[Container(9000).ListItem.Property(widgetPath.4)] />
						<param name="widget_header" value=$INFO[Container(9000).ListItem.Property(widgetName.4)] />
						<param name="widget_target" value=$INFO[Container(9000).ListItem.Property(widgetType.4)] />
						<param name="list_id" value="5400"/>
						<param name="list_oninfo" value="RunScript(script.extendedinfo,info=extendedinfo,dbid=$INFO[Container(5400).ListItem.Dbid])"/>
						<param name="onup_id" value="5300"/>
						<param name="ondown_id" value="20001"/>
					</include>
					<include name="ImageWidgetHeader">
						<param name="widget_header" value="$LOCALIZE[342]" />
						<param name="visible" value="!Library.HasContent(movies)"/>
					</include>
					<include name="ImageWidget">
						<param name="image_path" value="special://skin/extras/home-images/movie.jpg"/>
						<param name="text_label" value="$LOCALIZE[31104]" />
						<param name="button_label" value="$LOCALIZE[31110]" />
						<param name="button_onclick" value="ActivateWindow(videos,files,return)"/>
						<param name="button_id" value="5500"/>
						<param name="visible" value="!Library.HasContent(movies)"/>
						<param name="button2_onclick" value="Skin.SetBool(HomeMenuNoMovieButton)"/>
					</include>
				</control>
			</control>
			<control type="group" id="11000">
				<visible>Stringcompare(Container(9000).ListItem.Property(id),videos)</visible>
				<include>Visible_Right_Delayed</include>
				<control type="button" id="11888">
					<width>1</width>
					<height>1</height>
					<label>-</label>
					<onfocus>SetFocus(11001)</onfocus>
					<onfocus condition="IntegerGreaterThan(Container(11100).NumItems,0)">SetFocus(11100)</onfocus>
					<onclick>noop</onclick>
					<texturefocus>-</texturefocus>
					<texturenofocus>-</texturenofocus>
				</control>
				<control type="grouplist" id="11001">
					<orientation>vertical</orientation>
					<height>922</height>
					<scrolltime tween="cubic" easing="out">500</scrolltime>
					<include name="SubMenu">
						<param name="list_id" value="11900"/>
						<param name="ondown_id" value="11100"/>
						<param name="item1_onclick" value="ActivateWindow(Videos,Files,return)" />
						<param name="item1_icon" value="files.png" />
						<param name="item1_label" value="$LOCALIZE[744]" />
						<param name="item2_onclick" value="ActivateWindow(Videos,special://videoplaylists/,return)" />
						<param name="item2_icon" value="playlists.png" />
						<param name="item2_label" value="$LOCALIZE[136]" />
						<param name="item3_onclick" value="PlayDVD" />
						<param name="item3_icon" value="dvd.png" />
						<param name="item3_label" value="$LOCALIZE[31076]" />
						<param name="item3_vis" value="System.HasMediadvd" />
						<param name="item4_onclick" value="ActivateWindow(videos,root,return)" />
						<param name="item4_icon" value="videos.png" />
						<param name="item4_label" value="$LOCALIZE[31074]" />
						<param name="item5_vis" value="False" />
						<param name="item6_vis" value="False" />
						<param name="item7_vis" value="False" />
						<param name="item8_vis" value="False" />
					</include>
					<include name="WidgetListText">
						<param name="content_path" value="sources://video/"/>
						<param name="widget_header" value="$LOCALIZE[20094]"/>
						<param name="widget_target" value="videos"/>
						<param name="list_id" value="11100"/>
						<param name="onup_id" value="11900"/>
						<param name="ondown_id" value="11200"/>
					</include>
					<include name="WidgetListText">
						<param name="content_path" value="special://videoplaylists/"/>
						<param name="widget_header" value="$LOCALIZE[136]"/>
						<param name="widget_target" value="videos"/>
						<param name="list_id" value="11200"/>
						<param name="onup_id" value="11100"/>
						<param name="ondown_id" value="20001"/>
						<param name="icon" value="icons/defaulticons/DefaultPlaylist.png"/>
					</include>
					<include name="ImageWidget">
						<param name="image_path" value="special://skin/extras/home-images/tv.jpg"/>
						<param name="text_label" value="$LOCALIZE[31105]" />
						<param name="button_label" value="$LOCALIZE[31110]" />
						<param name="button_onclick" value="ActivateWindow(videos,root)"/>
						<param name="button_id" value="11300"/>
						<param name="onup_id" value="11200"/>
						<param name="visible" value="!IntegerGreaterThan(Container(11200).NumItems,0) + !IntegerGreaterThan(Container(11100).NumItems,0)"/>
						<param name="button2_onclick" value="Skin.SetBool(HomeMenuNoVideosButton)"/>
					</include>
				</control>
			</control>
			<control type="group" id="12000">
				<visible>Stringcompare(Container(9000).ListItem.Property(id),livetv)</visible>
				<include>Visible_Right_Delayed</include>
				<control type="button" id="12888">
					<width>1</width>
					<height>1</height>
					<label>-</label>
					<onfocus>SetFocus(12001)</onfocus>
					<onfocus condition="IntegerGreaterThan(Container(12100).NumItems,0)">SetFocus(12100)</onfocus>
					<onclick>noop</onclick>
					<texturefocus>-</texturefocus>
					<texturenofocus>-</texturenofocus>
				</control>
				<control type="grouplist" id="12001">
					<orientation>vertical</orientation>
					<height>922</height>
					<scrolltime tween="cubic" easing="out">500</scrolltime>
					<usecontrolcoords>true</usecontrolcoords>
					<include name="SubMenu">
						<param name="list_id" value="12900"/>
						<param name="ondown_id" value="12200"/>
						<param name="item1_onclick" value="ActivateWindow(TVChannels)" />
						<param name="item1_icon" value="channels.png" />
						<param name="item1_label" value="$LOCALIZE[19019]" />
						<param name="item2_onclick" value="ActivateWindow(TVGuide)" />
						<param name="item2_icon" value="guide.png" />
						<param name="item2_label" value="$LOCALIZE[19069]" />
						<param name="item3_onclick" value="ActivateWindow(TVRecordings)" />
						<param name="item3_icon" value="recordings.png" />
						<param name="item3_label" value="$LOCALIZE[19017]" />
						<param name="item4_onclick" value="ActivateWindow(TVTimers)" />
						<param name="item4_icon" value="timers.png" />
						<param name="item4_label" value="$LOCALIZE[19040]" />
						<param name="item5_onclick" value="ActivateWindow(TVTimerRules)" />
						<param name="item5_icon" value="timer-rules.png" />
						<param name="item5_label" value="$LOCALIZE[19138]" />
						<param name="item6_onclick" value="ActivateWindow(TVSearch)" />
						<param name="item6_icon" value="tv-search.png" />
						<param name="item6_label" value="$LOCALIZE[137]" />
						<param name="item7_vis" value="False" />
						<param name="item8_vis" value="False" />
					</include>
					<include name="WidgetListChannels">
						<param name="content_path" value="pvr://channels/tv/All channels/"/>
						<param name="widget_header" value="$LOCALIZE[31016]"/>
						<param name="widget_target" value="pvr"/>
						<param name="list_id" value="12200"/>
						<param name="onup_id" value="12900"/>
						<param name="ondown_id" value="20001"/>
						<param name="height" value="540"/>
					</include>
					<control type="grouplist">
						<height>218</height>
						<left>478</left>
						<top>36</top>
						<orientation>horizontal</orientation>
						<align>right</align>
						<width>1360</width>
						<control type="group">
							<width>680</width>
							<visible>PVR.IsRecording</visible>
							<include name="PVRWidget">
								<param name="icon" value="$INFO[PVR.NowRecordingChannelIcon]" />
								<param name="header" value="$LOCALIZE[19158]" />
								<param name="label1" value="$INFO[PVR.NowRecordingDateTime,$LOCALIZE[19126] - ]" />
								<param name="label2" value="$INFO[PVR.NowRecordingTitle][CR][COLOR=grey]$INFO[PVR.NowRecordingChannel][/COLOR]" />
							</include>
						</control>
						<control type="group">>
							<visible>PVR.HasNonRecordingTimer</visible>
							<width>680</width>
							<include name="PVRWidget">
								<param name="icon" value="$INFO[PVR.NextRecordingChannelIcon]" />
								<param name="header" value="$LOCALIZE[19157]" />
								<param name="label1" value="$INFO[PVR.NextRecordingDateTime,$LOCALIZE[19126] - ]" />
								<param name="label2" value="$INFO[PVR.NextRecordingTitle][CR][COLOR=grey]$INFO[PVR.NextRecordingChannel][/COLOR]" />
							</include>
						</control>
					</control>
				</control>
			</control>
			<control type="group" id="13000">
				<visible>Stringcompare(Container(9000).ListItem.Property(id),radio)</visible>
				<include>Visible_Right_Delayed</include>
				<control type="button" id="13888">
					<width>1</width>
					<height>1</height>
					<label>-</label>
					<onfocus>SetFocus(13001)</onfocus>
					<onfocus condition="IntegerGreaterThan(Container(13100).NumItems,0)">SetFocus(13100)</onfocus>
					<onclick>noop</onclick>
					<texturefocus>-</texturefocus>
					<texturenofocus>-</texturenofocus>
				</control>
				<control type="grouplist" id="13001">
					<orientation>vertical</orientation>
					<height>922</height>
					<scrolltime tween="cubic" easing="out">500</scrolltime>
					<include name="SubMenu">
						<param name="list_id" value="13900"/>
						<param name="ondown_id" value="13200"/>
						<param name="item1_onclick" value="ActivateWindow(RadioChannels)" />
						<param name="item1_icon" value="channels.png" />
						<param name="item1_label" value="$LOCALIZE[19019]" />
						<param name="item2_onclick" value="ActivateWindow(RadioGuide)" />
						<param name="item2_icon" value="guide.png" />
						<param name="item2_label" value="$LOCALIZE[19069]" />
						<param name="item3_onclick" value="ActivateWindow(RadioRecordings)" />
						<param name="item3_icon" value="recordings.png" />
						<param name="item3_label" value="$LOCALIZE[19017]" />
						<param name="item4_onclick" value="ActivateWindow(RadioTimers)" />
						<param name="item4_icon" value="timers.png" />
						<param name="item4_label" value="$LOCALIZE[19040]" />
						<param name="item5_onclick" value="ActivateWindow(RadioTimerRules)" />
						<param name="item5_icon" value="timer-rules.png" />
						<param name="item5_label" value="$LOCALIZE[19138]" />
						<param name="item6_onclick" value="ActivateWindow(RadioSearch)" />
						<param name="item6_icon" value="tv-search.png" />
						<param name="item6_label" value="$LOCALIZE[137]" />
						<param name="item7_vis" value="False" />
						<param name="item8_vis" value="False" />
					</include>
					<include name="WidgetListChannels">
						<param name="content_path" value="pvr://channels/radio/All channels/"/>
						<param name="widget_header" value="$LOCALIZE[31018]"/>
						<param name="widget_target" value="files"/>
						<param name="list_id" value="13200"/>
						<param name="onup_id" value="13900"/>
						<param name="ondown_id" value="20001"/>
					</include>
				</control>
			</control>
			<control type="group" id="15000">
				<visible>Stringcompare(Container(9000).ListItem.Property(id),weather)</visible>
				<include>Visible_Right_Delayed</include>
				<control type="button" id="15888">
					<width>1</width>
					<height>1</height>
					<label>-</label>
					<onfocus>SetFocus(15001)</onfocus>
					<onfocus condition="IntegerGreaterThan(Container(15100).NumItems,0)">SetFocus(15100)</onfocus>
					<onfocus condition="IsEmpty(Weather.Plugin)">SetFocus(15300)</onfocus>
					<onclick>noop</onclick>
					<texturefocus>-</texturefocus>
					<texturenofocus>-</texturenofocus>
				</control>
				<control type="grouplist" id="15001">
					<orientation>vertical</orientation>
					<height>922</height>
					<scrolltime tween="cubic" easing="out">500</scrolltime>
					<include name="SubMenu">
						<param name="list_id" value="15900"/>
						<param name="ondown_id" value="15100"/>
						<param name="item1_onclick" value="Weather.Refresh" />
						<param name="item1_icon" value="updatelibrary.png" />
						<param name="item1_label" value="$LOCALIZE[184]" />
						<param name="item2_onclick" value="Weather.LocationPrevious" />
						<param name="item2_icon" value="location-previous.png" />
						<param name="item2_label" value="$LOCALIZE[31077]" />
						<param name="item3_onclick" value="Weather.LocationNext" />
						<param name="item3_icon" value="location-next.png" />
						<param name="item3_label" value="$LOCALIZE[31078]" />
						<param name="item4_onclick" value="ActivateWindow(weathersettings)" />
						<param name="item4_icon" value="weather-settings.png" />
						<param name="item4_label" value="$LOCALIZE[1390]" />
						<param name="item5_vis" value="False" />
						<param name="item6_vis" value="False" />
						<param name="item7_vis" value="False" />
						<param name="item8_vis" value="False" />
						<param name="visible" value="!IsEmpty(Weather.plugin)"/>
					</include>
					<control type="group" id="16678">
						<description>Weather info</description>
						<height>380</height>
						<visible>!IsEmpty(Weather.plugin)</visible>
						<control type="image">
							<top>2</top>
							<left>480</left>
							<width>1360</width>
							<height>380</height>
							<texture border="22">dialogs/dialog-bg.png</texture>
						</control>
						<control type="image">
							<top>20</top>
							<left>530</left>
							<width>150</width>
							<height>150</height>
							<texture>$INFO[Weather.conditions]</texture>
						</control>
						<control type="label">
							<left>990</left>
							<top>110</top>
							<aligny>center</aligny>
							<height>24</height>
							<width>800</width>
							<align>right</align>
							<font>font14</font>
							<label>$INFO[Weather.Conditions] - $INFO[Weather.Temperature]</label>
						</control>
						<control type="label">
							<left>990</left>
							<top>50</top>
							<aligny>center</aligny>
							<height>24</height>
							<width>800</width>
							<align>right</align>
							<font>font35_title</font>
							<label>$INFO[Weather.Location]</label>
						</control>
						<control type="grouplist">
							<top>215</top>
							<left>540</left>
							<orientation>horizontal</orientation>
							<include name="WeatherIcon">
								<param name="label" value="$INFO[Window(weather).Property(Current.Wind)]" />
								<param name="texture" value="icons/weather/wind.png" />
								<param name="header" value="404" />
							</include>
							<include name="WeatherIcon">
								<param name="label" value="$INFO[Window(weather).Property(Current.Humidity)]" />
								<param name="texture" value="icons/weather/humidity.png" />
								<param name="header" value="406" />
							</include>
							<include name="WeatherIcon">
								<param name="label" value="$INFO[Window(weather).Property(Current.Precipitation)]" />
								<param name="texture" value="icons/weather/rain.png" />
								<param name="header" value="33021" />
							</include>
							<include name="WeatherIcon">
								<param name="label" value="$INFO[Window(weather).Property(Today.Sunrise)]" />
								<param name="texture" value="icons/weather/sunrise.png" />
								<param name="header" value="405" />
							</include>
							<include name="WeatherIcon">
								<param name="label" value="$INFO[Window(weather).Property(Today.Sunset)]" />
								<param name="texture" value="icons/weather/sunset.png" />
								<param name="header" value="403" />
							</include>
						</control>
					</control>
					<include name="WeatherWidget">
						<param name="content_include" value="HourlyItems" />
						<param name="list_id" value="15100" />
						<param name="onup_id" value="15900" />
						<param name="ondown_id" value="15200" />
						<param name="widget_header" value="$LOCALIZE[33036]"/>
						<param name="visible" value="!IsEmpty(Window(weather).Property(Hourly.IsFetched))" />
					</include>
					<include name="WeatherWidget">
						<param name="content_include" value="DailyItems" />
						<param name="list_id" value="15200" />
						<param name="onup_id" value="15100" />
						<param name="ondown_id" value="20001" />
						<param name="widget_header" value="$LOCALIZE[31019]"/>
						<param name="visible" value="!IsEmpty(Window(weather).Property(Daily.IsFetched))" />
					</include>
					<include name="ImageWidgetHeader">
						<param name="widget_header" value="$LOCALIZE[12600]" />
						<param name="visible" value="IsEmpty(Weather.plugin)"/>
					</include>
					<include name="ImageWidget">
						<param name="image_path" value="special://skin/extras/home-images/weather.jpg"/>
						<param name="text_label" value="$LOCALIZE[31120]" />
						<param name="button_label" value="$LOCALIZE[31121]" />
						<param name="button_onclick" value="ActivateWindow(weathersettings)"/>
						<param name="button_id" value="15300"/>
						<param name="visible" value="IsEmpty(Weather.plugin)"/>
						<param name="button2_onclick" value="Skin.SetBool(HomeMenuNoWeatherButton)"/>
					</include>
				</control>
			</control>
			<control type="group" id="4000">
				<visible>Stringcompare(Container(9000).ListItem.Property(id),pictures)</visible>
				<scrolltime tween="cubic" easing="out">500</scrolltime>
				<include>Visible_Right_Delayed</include>
				<control type="grouplist" id="4001">
					<orientation>vertical</orientation>
					<include name="ImageWidgetHeader">
						<param name="widget_header" value="$LOCALIZE[1]" />
						<param name="visible" value="true"/>
					</include>
					<include name="ImageWidget">
						<param name="image_path" value="special://skin/extras/home-images/pictures.jpg"/>
						<param name="text_label" value="$LOCALIZE[31111]" />
						<param name="button_label" value="" />
						<param name="button_onclick" value="ActivateWindow(pictures)"/>
						<param name="button_id" value="4100"/>
						<param name="visible" value="true"/>
						<param name="visible_1" value="False"/>
						<param name="visible_2" value="False"/>
					</include>
				</control>
			</control>
		</control>
		<include name="TopBar">
			<param name="breadcrumbs_label" value="" />
			<param name="breadcrumbs_icon" value="" />
		</include>
		<control type="group">
			<animation effect="fade" start="100" end="0" time="200" tween="sine" condition="Window.IsActive(musicinformation) | Window.IsActive(movieinformation) | Window.IsActive(addoninformation)">Conditional</animation>
			<control type="image">
				<animation effect="fade" start="0" end="100" time="300">WindowOpen</animation>
				<animation effect="fade" start="100" end="0" time="200">WindowClose</animation>
				<left>20</left>
				<top>10</top>
				<aspectratio>keep</aspectratio>
				<width>56</width>
				<height>56</height>
				<texture colordiffuse="button_focus">icons/logo.png</texture>
			</control>
			<control type="image">
				<animation effect="fade" start="0" end="100" time="300">WindowOpen</animation>
				<animation effect="fade" start="100" end="0" time="200">WindowClose</animation>
				<left>60</left>
				<top>20</top>
				<aspectratio>keep</aspectratio>
				<width>192</width>
				<height>36</height>
				<texture>icons/logo-text.png</texture>
			</control>
		</control>
		<include>BottomBar</include>
		<control type="group">
			<animation effect="fade" start="100" end="0" time="200" tween="sine" condition="Window.IsActive(musicinformation) | Window.IsActive(movieinformation) | Window.IsActive(addoninformation)">Conditional</animation>
			<include>OpenClose_Left</include>
			<control type="radiobutton" id="900">
				<left>37</left>
				<top>94</top>
				<width>420</width>
				<height>110</height>
				<onup>14200</onup>
				<ondown>SetFocus(9000,0)</ondown>
				<ondown>9000</ondown>
				<onright>2000</onright>
				<aligny>center</aligny>
				<onclick>ActivateWindow(1107)</onclick>
				<font>font14</font>
				<label>-</label>
				<radioposx>338</radioposx>
				<textoffsetx>40</textoffsetx>
				<radioposy>0</radioposy>
				<radiowidth>40</radiowidth>
				<radioheight>40</radioheight>
				<textureradioonfocus>icons/search.png</textureradioonfocus>
				<textureradioonnofocus>icons/search.png</textureradioonnofocus>
				<textureradioofffocus>icons/search.png</textureradioofffocus>
				<textureradiooffnofocus>icons/search.png</textureradiooffnofocus>
			</control>
			<control type="label">
				<left>77</left>
				<top>91</top>
				<width>520</width>
				<height>110</height>
				<aligny>center</aligny>
				<font>font14</font>
				<scrollout>false</scrollout>
				<pauseatend>5000</pauseatend>
				<label>$LOCALIZE[31001]...</label>
			</control>
			<control type="group">
				<left>53</left>
				<top>204</top>
				<control type="image">
					<left>-20</left>
					<top>-20</top>
					<width>424</width>
					<height>711</height>
					<texture border="22">dialogs/dialog-bg.png</texture>
				</control>
				<control type="list" id="9000">
					<left>1</left>
					<top>1</top>
					<width>382</width>
					<height>671</height>
					<pagecontrol>70</pagecontrol>
					<onright>5000</onright>
					<onup>900</onup>
					<ondown>700</ondown>
					<scrolltime tween="cubic" easing="out">500</scrolltime>
					<focusedlayout height="74">
						<control type="image">
							<left>0</left>
							<top>0</top>
							<width>390</width>
							<height>75</height>
							<texture border="90,3,90,3">lists/separator.png</texture>
						</control>
						<control type="group">
							<animation effect="fade" start="100" end="0" time="0">UnFocus</animation>
							<control type="image">
								<left>0</left>
								<top>0</top>
								<width>390</width>
								<height>73</height>
								<texture>lists/focus.png</texture>
								<animation effect="fade" start="100" end="0" time="0" condition="!Control.HasFocus(9000) + !Control.HasFocus(900) + !ControlGroup(700).HasFocus + !Control.HasFocus(14200)">Conditional</animation>
							</control>
							<control type="image">
								<left>-3</left>
								<top>1</top>
								<width>70</width>
								<height>70</height>
								<texture colordiffuse="button_focus">$INFO[ListItem.Art(thumb)]</texture>
								<animation effect="fade" start="0" end="100" time="300" reversible="false">Focus</animation>
							</control>
							<control type="image">
								<left>-5</left>
								<top>0</top>
								<width>68</width>
								<height>74</height>
								<texture colordiffuse="51FFFFFF">colors/black.png</texture>
								<animation effect="fade" start="100" end="0" time="0" condition="!Control.HasFocus(9000) + !Control.HasFocus(900) + !ControlGroup(700).HasFocus + !Control.HasFocus(14200)">Conditional</animation>
							</control>
						</control>
						<control type="image">
							<left>-3</left>
							<top>1</top>
							<width>70</width>
							<height>70</height>
							<texture>$INFO[ListItem.Art(thumb)]</texture>
						</control>
						<control type="image">
							<left>-3</left>
							<top>1</top>
							<width>70</width>
							<height>70</height>
							<animation effect="fade" start="0" end="100" time="200" delay="200" condition="!System.HasModalDialog">Conditional</animation>
							<animation effect="fade" start="100" end="0" time="0" condition="System.HasModalDialog">Conditional</animation>
							<texture colordiffuse="button_focus">$INFO[ListItem.Art(thumb)]</texture>
							<animation effect="fade" start="0" end="100" time="300" reversible="false">Focus</animation>
							<visible>!Control.HasFocus(9000) + !Control.HasFocus(900) + !ControlGroup(700).HasFocus + !Control.HasFocus(14200)</visible>
						</control>
						<control type="label">
							<left>74</left>
							<top>0</top>
							<height>70</height>
							<width>560</width>
							<aligny>center</aligny>
							<font>font14</font>
							<label>$INFO[ListItem.Label]</label>
							<shadowcolor>text_shadow</shadowcolor>
						</control>
					</focusedlayout>
					<itemlayout height="74">
						<control type="image">
							<left>0</left>
							<top>0</top>
							<width>390</width>
							<height>75</height>
							<texture border="90,3,90,3">lists/separator.png</texture>
						</control>
						<control type="label">
							<left>74</left>
							<top>0</top>
							<height>70</height>
							<width>560</width>
							<aligny>center</aligny>
							<font>font14</font>
							<label>$INFO[ListItem.Label]</label>
							<shadowcolor>text_shadow</shadowcolor>
						</control>
						<control type="image">
							<left>-3</left>
							<top>1</top>
							<width>70</width>
							<height>70</height>
							<texture>$INFO[ListItem.Art(thumb)]</texture>
						</control>
					</itemlayout>
                                        <include>mainmenu-position-and-appearance</include>
					<content>
                                                <include>skinshortcuts-mainmenu</include>
					</content>
				</control>
			</control>
			<control type="grouplist" id="700">
				<orientation>horizontal</orientation>
				<itemgap>-17</itemgap>
				<left>36</left>
				<top>878</top>
				<onup>SetFocus(9000,99)</onup>
				<onup>9000</onup>
				<ondown>14200</ondown>
				<onright>2000</onright>
				<include name="BottomMainMenuItem">
					<param name="control_id" value="801" />
					<param name="onclick" value="ActivateWindow(filemanager)" />
					<param name="icon" value="icons/filemanager.png" />
				</include>
				<include name="BottomMainMenuItem">
					<param name="control_id" value="802" />
					<param name="onclick" value="ActivateWindow(settings)" />
					<param name="icon" value="icons/settings.png" />
				</include>
				<include name="BottomMainMenuItem">
					<param name="control_id" value="803" />
					<param name="onclick" value="ActivateWindow(favourites)" />
					<param name="icon" value="icons/favourites.png" />
				</include>
				<include name="BottomMainMenuItem">
					<param name="control_id" value="804" />
					<param name="onclick" value="ActivateWindow(shutdownmenu)" />
					<param name="icon" value="icons/power.png" />
				</include>
			</control>
		</control>
		<control type="radiobutton" id="14200">
			<animation effect="fade" start="100" end="0" time="200" tween="sine" condition="Window.IsActive(musicinformation) | Window.IsActive(movieinformation) | Window.IsActive(addoninformation)">Conditional</animation>
			<top>995</top>
			<left>35</left>
			<width>420</width>
			<height>95</height>
			<align>left</align>
			<aligny>center</aligny>
			<onclick>FullScreen</onclick>
			<label>$LOCALIZE[244]</label>
			<ondown>900</ondown>
			<onup>700</onup>
			<radioposx>338</radioposx>
			<textoffsetx>40</textoffsetx>
			<radioposy>0</radioposy>
			<radiowidth>34</radiowidth>
			<radioheight>34</radioheight>
			<textureradioonfocus>icons/now-playing/fullscreen.png</textureradioonfocus>
			<textureradioonnofocus>icons/now-playing/fullscreen.png</textureradioonnofocus>
			<textureradioofffocus>icons/now-playing/fullscreen.png</textureradioofffocus>
			<textureradiooffnofocus>icons/now-playing/fullscreen.png</textureradiooffnofocus>
			<selected>!Player.Paused</selected>
			<animation effect="fade" start="0" end="100" time="400">WindowOpen</animation>
			<animation effect="fade" start="100" end="0" time="300">WindowClose</animation>
			<visible>Player.hasMedia</visible>
		</control>
		<control type="rss">
			<animation effect="fade" start="100" end="0" time="200" tween="sine" condition="Window.IsActive(musicinformation) | Window.IsActive(movieinformation) | Window.IsActive(addoninformation)">Conditional</animation>
			<left>0</left>
			<top>1041</top>
			<height>30</height>
			<width>1920</width>
			<font>font12</font>
			<urlset>1</urlset>
			<titlecolor>button_focus</titlecolor>
			<shadowcolor>text_shadow</shadowcolor>
			<headlinecolor>FFC0C0C0</headlinecolor>
			<textcolor>white</textcolor>
			<animation effect="fade" start="0" end="100" time="400">WindowOpen</animation>
			<animation effect="fade" start="100" end="0" time="300">WindowClose</animation>
			<visible>!Player.hasMedia</visible>
		</control>
	</controls>
</window>
