<?xml version='1.0' encoding='UTF-8'?>
<includes>
	<include name="skinshortcuts-mainmenu">
		<item id="1">
			<property name="id">$NUM[1]</property>
			<label>$LOCALIZE[342]</label>
			<label2>Custom item</label2>
			<icon>DefaultMovies.png</icon>
			<thumb>D:\appdata\roaming\Kodi\addons\skin.phenomenal\extras\icons\movies.png</thumb>
			<property name="labelID">movies</property>
			<property name="defaultID">movies</property>
			<property name="widget.2">extendedinfo</property>
			<property name="widgetName.2">Trending movies [I](Trakt.tv)[/I]</property>
			<property name="widgetType.2">movies</property>
			<property name="widgetTarget.2">video</property>
			<property name="widgetPath.2">plugin://script.extendedinfo?info=trendingmovies</property>
			<property name="widget">extendedinfo</property>
			<property name="widgetName">In-cinema movies [I](TheMovieDB)[/I]</property>
			<property name="widgetType">movies</property>
			<property name="widgetTarget">video</property>
			<property name="widgetPath">plugin://script.extendedinfo?info=incinemas</property>
			<property name="widget.3">extendedinfo</property>
			<property name="widgetName.3">Popular movies [I](TheMovieDB)[/I]</property>
			<property name="widgetType.3">movies</property>
			<property name="widgetTarget.3">video</property>
			<property name="widgetPath.3">plugin://script.extendedinfo?info=popularmovies</property>
			<onclick>ActivateWindow(VideoLibrary,"plugin://plugin.video.exodus/?action=movies&amp;url=traktcollection",return)</onclick>
			<property name="path">ActivateWindow(VideoLibrary,"plugin://plugin.video.exodus/?action=movies&amp;url=traktcollection",return)</property>
			<property name="list">plugin://plugin.video.exodus/?action=movies&amp;url=traktcollection</property>
			<visible>StringCompare(System.ProfileName,Master user)</visible>
			<property name="submenuVisibility">movies</property>
			<property name="group">mainmenu</property>
			<property name="hasSubmenu">True</property>
		</item>
		<item id="2">
			<property name="id">$NUM[2]</property>
			<label>$LOCALIZE[20343]</label>
			<label2>Custom item</label2>
			<icon>DefaultTVShows.png</icon>
			<thumb>D:\appdata\roaming\Kodi\addons\skin.phenomenal\extras\icons\tvshows.png</thumb>
			<property name="labelID">tvshows</property>
			<property name="defaultID">tvshows</property>
			<property name="widget">extendedinfo</property>
			<property name="widgetName">Trending TV shows [I](Trakt.tv)[/I]</property>
			<property name="widgetType">tvshows</property>
			<property name="widgetTarget">video</property>
			<property name="widgetPath">plugin://script.extendedinfo?info=trendingshows</property>
			<onclick>ActivateWindow(VideoLibrary,"plugin://plugin.video.exodus/?action=tvshows&amp;url=traktcollection",return)</onclick>
			<property name="path">ActivateWindow(VideoLibrary,"plugin://plugin.video.exodus/?action=tvshows&amp;url=traktcollection",return)</property>
			<property name="list">plugin://plugin.video.exodus/?action=tvshows&amp;url=traktcollection</property>
			<visible>StringCompare(System.ProfileName,Master user)</visible>
			<property name="submenuVisibility">tvshows</property>
			<property name="group">mainmenu</property>
			<property name="hasSubmenu">True</property>
		</item>
		<item id="3">
			<property name="id">$NUM[3]</property>
			<label>News</label>
			<label2>Video Add-On</label2>
			<icon>DefaultShortcut.png</icon>
			<thumb>image://D%3A%5Cappdata%5Croaming%5CKodi%5Caddons%5Cplugin.video.deredactie%5Cicon.png/</thumb>
			<property name="labelID">news</property>
			<property name="defaultID" />
			<property name="translatedPath">ActivateWindow(VideoLibrary,"plugin://plugin.video.deredactie/?url=http%3A%2F%2Fderedactie.be%2Fpermalink%2F2.27100%3Fmode%3Datom",return)</property>
			<onclick>ActivateWindow(VideoLibrary,"plugin://plugin.video.deredactie/?url=http%3A%2F%2Fderedactie.be%2Fpermalink%2F2.27100%3Fmode%3Datom",return)</onclick>
			<property name="path">ActivateWindow(VideoLibrary,"plugin://plugin.video.deredactie/?url=http%3A%2F%2Fderedactie.be%2Fpermalink%2F2.27100%3Fmode%3Datom",return)</property>
			<property name="list">plugin://plugin.video.deredactie/?url=http%3A%2F%2Fderedactie.be%2Fpermalink%2F2.27100%3Fmode%3Datom</property>
			<visible>StringCompare(System.ProfileName,Master user)</visible>
			<property name="submenuVisibility">news</property>
			<property name="group">mainmenu</property>
			<property name="hasSubmenu">True</property>
		</item>
		<item id="4">
			<property name="id">$NUM[4]</property>
			<label>$LOCALIZE[10005]</label>
			<label2>Custom item</label2>
			<icon>DefaultMusicAlbums.png</icon>
			<thumb>D:\appdata\roaming\Kodi\addons\skin.phenomenal\extras\icons\music.png</thumb>
			<property name="labelID">plugin.audio.mp3streams</property>
			<property name="defaultID">music</property>
			<onclick>ActivateWindow(Music,"plugin://plugin.audio.mp3streams",return)</onclick>
			<property name="path">ActivateWindow(Music,"plugin://plugin.audio.mp3streams",return)</property>
			<property name="list">plugin://plugin.audio.mp3streams</property>
			<visible>StringCompare(System.ProfileName,Master user)</visible>
			<property name="submenuVisibility">plugin-audio-mp3streams</property>
			<property name="group">mainmenu</property>
			<property name="hasSubmenu">True</property>
		</item>
		<item id="5">
			<property name="id">$NUM[5]</property>
			<label>$LOCALIZE[12600]</label>
			<label2>Common menu item</label2>
			<icon>DefaultShortcut.png</icon>
			<thumb>D:\appdata\roaming\Kodi\addons\skin.phenomenal\extras\icons\weather.png</thumb>
			<property name="labelID">weather</property>
			<property name="defaultID">weather</property>
			<visible>!IsEmpty(Weather.Plugin)</visible>
			<onclick>ActivateWindow(Weather)</onclick>
			<property name="path">ActivateWindow(Weather)</property>
			<property name="list">Weather</property>
			<visible>StringCompare(System.ProfileName,Master user)</visible>
			<property name="submenuVisibility">weather</property>
			<property name="group">mainmenu</property>
			<property name="hasSubmenu">False</property>
		</item>
		<item id="6">
			<property name="id">$NUM[6]</property>
			<label>$LOCALIZE[10001]</label>
			<label2>Common menu item</label2>
			<icon>DefaultProgram.png</icon>
			<thumb>D:\appdata\roaming\Kodi\addons\skin.phenomenal\extras\icons\programs.png</thumb>
			<property name="labelID">programs</property>
			<property name="defaultID">programs</property>
			<onclick>ActivateWindow(Programs,Addons,return)</onclick>
			<property name="path">ActivateWindow(Programs,Addons,return)</property>
			<property name="list">Addons</property>
			<visible>StringCompare(System.ProfileName,Master user)</visible>
			<property name="submenuVisibility">programs</property>
			<property name="group">mainmenu</property>
			<property name="hasSubmenu">True</property>
		</item>
	</include>
	<include />
	<include name="skinshortcuts-submenu">
		<item id="1">
			<property name="id">$NUM[1]</property>
			<label>$LOCALIZE[20386]</label>
			<label2>$ADDON[script.skinshortcuts 32014]</label2>
			<icon>DefaultRecentlyAddedMovies.png</icon>
			<thumb />
			<property name="labelID">20386</property>
			<property name="defaultID">20386</property>
			<visible>[Library.HasContent(Movies)] + StringCompare(Container(9000).ListItem.Property(submenuVisibility),movies)</visible>
			<onclick>ActivateWindow(Videos,videodb://recentlyaddedmovies/,return)</onclick>
			<property name="path">ActivateWindow(Videos,videodb://recentlyaddedmovies/,return)</property>
			<property name="list">videodb://recentlyaddedmovies/</property>
			<visible>StringCompare(System.ProfileName,Master user)</visible>
			<property name="group">movies</property>
			<property name="isSubmenu">True</property>
		</item>
		<item id="2">
			<property name="id">$NUM[2]</property>
			<label>$LOCALIZE[20434]</label>
			<label2>$LOCALIZE[342]</label2>
			<icon>DefaultSets.png</icon>
			<thumb />
			<property name="labelID">20434</property>
			<property name="defaultID">20434</property>
			<visible>[Library.HasContent(MovieSets)] + StringCompare(Container(9000).ListItem.Property(submenuVisibility),movies)</visible>
			<onclick>ActivateWindow(Videos,videodb://movies/sets/,return)</onclick>
			<property name="path">ActivateWindow(Videos,videodb://movies/sets/,return)</property>
			<property name="list">videodb://movies/sets/</property>
			<visible>StringCompare(System.ProfileName,Master user)</visible>
			<property name="group">movies</property>
			<property name="isSubmenu">True</property>
		</item>
		<item id="3">
			<property name="id">$NUM[3]</property>
			<label>$LOCALIZE[369]</label>
			<label2>$LOCALIZE[342]</label2>
			<icon>DefaultMovieTitle.png</icon>
			<thumb />
			<property name="labelID">369</property>
			<property name="defaultID">369</property>
			<onclick>ActivateWindow(Videos,videodb://movies/titles/,return)</onclick>
			<property name="path">ActivateWindow(Videos,videodb://movies/titles/,return)</property>
			<property name="list">videodb://movies/titles/</property>
			<visible>[StringCompare(System.ProfileName,Master user)] + StringCompare(Container(9000).ListItem.Property(submenuVisibility),movies)</visible>
			<property name="group">movies</property>
			<property name="isSubmenu">True</property>
		</item>
		<item id="4">
			<property name="id">$NUM[4]</property>
			<label>$LOCALIZE[135]</label>
			<label2>$LOCALIZE[342]</label2>
			<icon>DefaultGenre.png</icon>
			<thumb />
			<property name="labelID">135</property>
			<property name="defaultID">135</property>
			<onclick>ActivateWindow(Videos,videodb://movies/genres/,return)</onclick>
			<property name="path">ActivateWindow(Videos,videodb://movies/genres/,return)</property>
			<property name="list">videodb://movies/genres/</property>
			<visible>[StringCompare(System.ProfileName,Master user)] + StringCompare(Container(9000).ListItem.Property(submenuVisibility),movies)</visible>
			<property name="group">movies</property>
			<property name="isSubmenu">True</property>
		</item>
		<item id="5">
			<property name="id">$NUM[5]</property>
			<label>$LOCALIZE[562]</label>
			<label2>$LOCALIZE[342]</label2>
			<icon>DefaultYear.png</icon>
			<thumb />
			<property name="labelID">562</property>
			<property name="defaultID">562</property>
			<onclick>ActivateWindow(Videos,videodb://movies/years/,return)</onclick>
			<property name="path">ActivateWindow(Videos,videodb://movies/years/,return)</property>
			<property name="list">videodb://movies/years/</property>
			<visible>[StringCompare(System.ProfileName,Master user)] + StringCompare(Container(9000).ListItem.Property(submenuVisibility),movies)</visible>
			<property name="group">movies</property>
			<property name="isSubmenu">True</property>
		</item>
		<item id="6">
			<property name="id">$NUM[6]</property>
			<label>$LOCALIZE[344]</label>
			<label2>$LOCALIZE[342]</label2>
			<icon>DefaultActor.png</icon>
			<thumb />
			<property name="labelID">344</property>
			<property name="defaultID">344</property>
			<onclick>ActivateWindow(Videos,videodb://movies/actors/,return)</onclick>
			<property name="path">ActivateWindow(Videos,videodb://movies/actors/,return)</property>
			<property name="list">videodb://movies/actors/</property>
			<visible>[StringCompare(System.ProfileName,Master user)] + StringCompare(Container(9000).ListItem.Property(submenuVisibility),movies)</visible>
			<property name="group">movies</property>
			<property name="isSubmenu">True</property>
		</item>
		<item id="1">
			<property name="id">$NUM[1]</property>
			<label>$LOCALIZE[20387]</label>
			<label2>$ADDON[script.skinshortcuts 32014]</label2>
			<icon>DefaultRecentlyAddedEpisodes.png</icon>
			<thumb />
			<property name="labelID">20387</property>
			<property name="defaultID">20387</property>
			<visible>[Library.HasContent(TVShows)] + StringCompare(Container(9000).ListItem.Property(submenuVisibility),tvshows)</visible>
			<onclick>ActivateWindow(Videos,videodb://recentlyaddedepisodes/,return)</onclick>
			<property name="path">ActivateWindow(Videos,videodb://recentlyaddedepisodes/,return)</property>
			<property name="list">videodb://recentlyaddedepisodes/</property>
			<visible>StringCompare(System.ProfileName,Master user)</visible>
			<property name="group">tvshows</property>
			<property name="isSubmenu">True</property>
		</item>
		<item id="2">
			<property name="id">$NUM[2]</property>
			<label>$LOCALIZE[369]</label>
			<label2>$LOCALIZE[20343]</label2>
			<icon>DefaultTVShowTitle.png</icon>
			<thumb />
			<property name="labelID">369</property>
			<property name="defaultID">369</property>
			<onclick>ActivateWindow(Videos,videodb://tvshows/titles/,return)</onclick>
			<property name="path">ActivateWindow(Videos,videodb://tvshows/titles/,return)</property>
			<property name="list">videodb://tvshows/titles/</property>
			<visible>[StringCompare(System.ProfileName,Master user)] + StringCompare(Container(9000).ListItem.Property(submenuVisibility),tvshows)</visible>
			<property name="group">tvshows</property>
			<property name="isSubmenu">True</property>
		</item>
		<item id="3">
			<property name="id">$NUM[3]</property>
			<label>$LOCALIZE[135]</label>
			<label2>$LOCALIZE[20343]</label2>
			<icon>DefaultGenre.png</icon>
			<thumb />
			<property name="labelID">135</property>
			<property name="defaultID">135</property>
			<onclick>ActivateWindow(Videos,videodb://tvshows/genres/,return)</onclick>
			<property name="path">ActivateWindow(Videos,videodb://tvshows/genres/,return)</property>
			<property name="list">videodb://tvshows/genres/</property>
			<visible>[StringCompare(System.ProfileName,Master user)] + StringCompare(Container(9000).ListItem.Property(submenuVisibility),tvshows)</visible>
			<property name="group">tvshows</property>
			<property name="isSubmenu">True</property>
		</item>
		<item id="4">
			<property name="id">$NUM[4]</property>
			<label>$LOCALIZE[562]</label>
			<label2>$LOCALIZE[20343]</label2>
			<icon>DefaultYear.png</icon>
			<thumb />
			<property name="labelID">562</property>
			<property name="defaultID">562</property>
			<onclick>ActivateWindow(Videos,videodb://tvshows/years/,return)</onclick>
			<property name="path">ActivateWindow(Videos,videodb://tvshows/years/,return)</property>
			<property name="list">videodb://tvshows/years/</property>
			<visible>[StringCompare(System.ProfileName,Master user)] + StringCompare(Container(9000).ListItem.Property(submenuVisibility),tvshows)</visible>
			<property name="group">tvshows</property>
			<property name="isSubmenu">True</property>
		</item>
		<item id="5">
			<property name="id">$NUM[5]</property>
			<label>$LOCALIZE[344]</label>
			<label2>$LOCALIZE[20343]</label2>
			<icon>DefaultActor.png</icon>
			<thumb />
			<property name="labelID">344</property>
			<property name="defaultID">344</property>
			<onclick>ActivateWindow(Videos,videodb://tvshows/actors/,return)</onclick>
			<property name="path">ActivateWindow(Videos,videodb://tvshows/actors/,return)</property>
			<property name="list">videodb://tvshows/actors/</property>
			<visible>[StringCompare(System.ProfileName,Master user)] + StringCompare(Container(9000).ListItem.Property(submenuVisibility),tvshows)</visible>
			<property name="group">tvshows</property>
			<property name="isSubmenu">True</property>
		</item>
		<item id="1">
			<property name="id">$NUM[1]</property>
			<label>De afspraak</label>
			<label2>Video Add-On</label2>
			<icon>DefaultShortcut.png</icon>
			<thumb>image://D%3A%5Cappdata%5Croaming%5CKodi%5Caddons%5Cplugin.video.deredactie%5Cicon.png/</thumb>
			<property name="labelID">deafspraak</property>
			<property name="defaultID" />
			<property name="translatedPath">ActivateWindow(VideoLibrary,"plugin://plugin.video.deredactie/?url=http%3A%2F%2Fderedactie.be%2Fpermalink%2F2.40642%3Fmode%3Datom",return)</property>
			<onclick>ActivateWindow(VideoLibrary,"plugin://plugin.video.deredactie/?url=http%3A%2F%2Fderedactie.be%2Fpermalink%2F2.40642%3Fmode%3Datom",return)</onclick>
			<property name="path">ActivateWindow(VideoLibrary,"plugin://plugin.video.deredactie/?url=http%3A%2F%2Fderedactie.be%2Fpermalink%2F2.40642%3Fmode%3Datom",return)</property>
			<property name="list">plugin://plugin.video.deredactie/?url=http%3A%2F%2Fderedactie.be%2Fpermalink%2F2.40642%3Fmode%3Datom</property>
			<visible>[StringCompare(System.ProfileName,Master user)] + StringCompare(Container(9000).ListItem.Property(submenuVisibility),news)</visible>
			<property name="group">news</property>
			<property name="isSubmenu">True</property>
		</item>
		<item id="2">
			<property name="id">$NUM[2]</property>
			<label>Terzake</label>
			<label2>Video Add-On</label2>
			<icon>DefaultShortcut.png</icon>
			<thumb>image://D%3A%5Cappdata%5Croaming%5CKodi%5Caddons%5Cplugin.video.deredactie%5Cicon.png/</thumb>
			<property name="labelID">terzake</property>
			<property name="defaultID" />
			<property name="translatedPath">ActivateWindow(VideoLibrary,"plugin://plugin.video.deredactie/?url=http%3A%2F%2Fderedactie.be%2Fpermalink%2F2.27101%3Fmode%3Datom",return)</property>
			<onclick>ActivateWindow(VideoLibrary,"plugin://plugin.video.deredactie/?url=http%3A%2F%2Fderedactie.be%2Fpermalink%2F2.27101%3Fmode%3Datom",return)</onclick>
			<property name="path">ActivateWindow(VideoLibrary,"plugin://plugin.video.deredactie/?url=http%3A%2F%2Fderedactie.be%2Fpermalink%2F2.27101%3Fmode%3Datom",return)</property>
			<property name="list">plugin://plugin.video.deredactie/?url=http%3A%2F%2Fderedactie.be%2Fpermalink%2F2.27101%3Fmode%3Datom</property>
			<visible>[StringCompare(System.ProfileName,Master user)] + StringCompare(Container(9000).ListItem.Property(submenuVisibility),news)</visible>
			<property name="group">news</property>
			<property name="isSubmenu">True</property>
		</item>
		<item id="1">
			<property name="id">$NUM[1]</property>
			<label>$LOCALIZE[744]</label>
			<label2>$ADDON[script.skinshortcuts 32019]</label2>
			<icon>DefaultFolder.png</icon>
			<thumb />
			<property name="labelID">744</property>
			<property name="defaultID">744</property>
			<onclick>ActivateWindow(Music,Files,Return)</onclick>
			<property name="path">ActivateWindow(Music,Files,Return)</property>
			<property name="list">Files</property>
			<visible>[StringCompare(System.ProfileName,Master user)] + StringCompare(Container(9000).ListItem.Property(submenuVisibility),plugin-audio-mp3streams)</visible>
			<property name="group">plugin.audio.mp3streams</property>
			<property name="isSubmenu">True</property>
		</item>
		<item id="2">
			<property name="id">$NUM[2]</property>
			<label>$LOCALIZE[15100]</label>
			<label2>$ADDON[script.skinshortcuts 32019]</label2>
			<icon>DefaultFolder.png</icon>
			<thumb />
			<property name="labelID">15100</property>
			<property name="defaultID">15100</property>
			<onclick>ActivateWindow(Music,MusicLibrary,return)</onclick>
			<property name="path">ActivateWindow(Music,MusicLibrary,return)</property>
			<property name="list">MusicLibrary</property>
			<visible>[StringCompare(System.ProfileName,Master user)] + StringCompare(Container(9000).ListItem.Property(submenuVisibility),plugin-audio-mp3streams)</visible>
			<property name="group">plugin.audio.mp3streams</property>
			<property name="isSubmenu">True</property>
		</item>
		<item id="3">
			<property name="id">$NUM[3]</property>
			<label>$LOCALIZE[1038]</label>
			<label2>$ADDON[script.skinshortcuts 32019]</label2>
			<icon>DefaultAddonMusic.png</icon>
			<thumb />
			<property name="labelID">1038</property>
			<property name="defaultID">1038</property>
			<onclick>ActivateWindow(Music,Addons,return)</onclick>
			<property name="path">ActivateWindow(Music,Addons,return)</property>
			<property name="list">Addons</property>
			<visible>[StringCompare(System.ProfileName,Master user)] + StringCompare(Container(9000).ListItem.Property(submenuVisibility),plugin-audio-mp3streams)</visible>
			<property name="group">plugin.audio.mp3streams</property>
			<property name="isSubmenu">True</property>
		</item>
		<item id="1">
			<property name="id">$NUM[1]</property>
			<label>$LOCALIZE[1037]</label>
			<label2>Videos</label2>
			<icon>DefaultAddonVideo.png</icon>
			<thumb />
			<property name="labelID">1037</property>
			<property name="defaultID">1037</property>
			<property name="translatedPath">ActivateWindow(Videos,Addons,return)</property>
			<onclick>ActivateWindow(Videos,Addons,return)</onclick>
			<property name="path">ActivateWindow(Videos,Addons,return)</property>
			<property name="list">Addons</property>
			<visible>[StringCompare(System.ProfileName,Master user)] + StringCompare(Container(9000).ListItem.Property(submenuVisibility),programs)</visible>
			<property name="group">programs</property>
			<property name="isSubmenu">True</property>
		</item>
		<item id="2">
			<property name="id">$NUM[2]</property>
			<label>$LOCALIZE[1038]</label>
			<label2>Music</label2>
			<icon>DefaultAddonMusic.png</icon>
			<thumb />
			<property name="labelID">1038</property>
			<property name="defaultID">1038</property>
			<property name="translatedPath">ActivateWindow(MusicLibrary,Addons,return)</property>
			<onclick>ActivateWindow(Music,Addons,return)</onclick>
			<property name="path">ActivateWindow(Music,Addons,return)</property>
			<property name="list">Addons</property>
			<visible>[StringCompare(System.ProfileName,Master user)] + StringCompare(Container(9000).ListItem.Property(submenuVisibility),programs)</visible>
			<property name="group">programs</property>
			<property name="isSubmenu">True</property>
		</item>
		<item id="3">
			<property name="id">$NUM[3]</property>
			<label>$LOCALIZE[24001]</label>
			<label2>Settings</label2>
			<icon>DefaultShortcut.png</icon>
			<thumb />
			<property name="labelID">24001</property>
			<property name="defaultID">24001</property>
			<property name="translatedPath">ActivateWindow(AddonBrowser)</property>
			<onclick>ActivateWindow(AddonBrowser)</onclick>
			<property name="path">ActivateWindow(AddonBrowser)</property>
			<property name="list">AddonBrowser</property>
			<visible>[StringCompare(System.ProfileName,Master user)] + StringCompare(Container(9000).ListItem.Property(submenuVisibility),programs)</visible>
			<property name="group">programs</property>
			<property name="isSubmenu">True</property>
		</item>
	</include>
	<include name="skinshortcuts-group-movies">
		<item id="1">
			<property name="id">$NUM[1]</property>
			<label>$LOCALIZE[20386]</label>
			<label2>$ADDON[script.skinshortcuts 32014]</label2>
			<icon>DefaultRecentlyAddedMovies.png</icon>
			<thumb />
			<property name="labelID">20386</property>
			<property name="defaultID">20386</property>
			<visible>Library.HasContent(Movies)</visible>
			<onclick>ActivateWindow(Videos,videodb://recentlyaddedmovies/,return)</onclick>
			<property name="path">ActivateWindow(Videos,videodb://recentlyaddedmovies/,return)</property>
			<property name="list">videodb://recentlyaddedmovies/</property>
			<visible>StringCompare(System.ProfileName,Master user)</visible>
			<property name="group">movies</property>
			<property name="isSubmenu">True</property>
		</item>
		<item id="2">
			<property name="id">$NUM[2]</property>
			<label>$LOCALIZE[20434]</label>
			<label2>$LOCALIZE[342]</label2>
			<icon>DefaultSets.png</icon>
			<thumb />
			<property name="labelID">20434</property>
			<property name="defaultID">20434</property>
			<visible>Library.HasContent(MovieSets)</visible>
			<onclick>ActivateWindow(Videos,videodb://movies/sets/,return)</onclick>
			<property name="path">ActivateWindow(Videos,videodb://movies/sets/,return)</property>
			<property name="list">videodb://movies/sets/</property>
			<visible>StringCompare(System.ProfileName,Master user)</visible>
			<property name="group">movies</property>
			<property name="isSubmenu">True</property>
		</item>
		<item id="3">
			<property name="id">$NUM[3]</property>
			<label>$LOCALIZE[369]</label>
			<label2>$LOCALIZE[342]</label2>
			<icon>DefaultMovieTitle.png</icon>
			<thumb />
			<property name="labelID">369</property>
			<property name="defaultID">369</property>
			<onclick>ActivateWindow(Videos,videodb://movies/titles/,return)</onclick>
			<property name="path">ActivateWindow(Videos,videodb://movies/titles/,return)</property>
			<property name="list">videodb://movies/titles/</property>
			<visible>StringCompare(System.ProfileName,Master user)</visible>
			<property name="group">movies</property>
			<property name="isSubmenu">True</property>
		</item>
		<item id="4">
			<property name="id">$NUM[4]</property>
			<label>$LOCALIZE[135]</label>
			<label2>$LOCALIZE[342]</label2>
			<icon>DefaultGenre.png</icon>
			<thumb />
			<property name="labelID">135</property>
			<property name="defaultID">135</property>
			<onclick>ActivateWindow(Videos,videodb://movies/genres/,return)</onclick>
			<property name="path">ActivateWindow(Videos,videodb://movies/genres/,return)</property>
			<property name="list">videodb://movies/genres/</property>
			<visible>StringCompare(System.ProfileName,Master user)</visible>
			<property name="group">movies</property>
			<property name="isSubmenu">True</property>
		</item>
		<item id="5">
			<property name="id">$NUM[5]</property>
			<label>$LOCALIZE[562]</label>
			<label2>$LOCALIZE[342]</label2>
			<icon>DefaultYear.png</icon>
			<thumb />
			<property name="labelID">562</property>
			<property name="defaultID">562</property>
			<onclick>ActivateWindow(Videos,videodb://movies/years/,return)</onclick>
			<property name="path">ActivateWindow(Videos,videodb://movies/years/,return)</property>
			<property name="list">videodb://movies/years/</property>
			<visible>StringCompare(System.ProfileName,Master user)</visible>
			<property name="group">movies</property>
			<property name="isSubmenu">True</property>
		</item>
		<item id="6">
			<property name="id">$NUM[6]</property>
			<label>$LOCALIZE[344]</label>
			<label2>$LOCALIZE[342]</label2>
			<icon>DefaultActor.png</icon>
			<thumb />
			<property name="labelID">344</property>
			<property name="defaultID">344</property>
			<onclick>ActivateWindow(Videos,videodb://movies/actors/,return)</onclick>
			<property name="path">ActivateWindow(Videos,videodb://movies/actors/,return)</property>
			<property name="list">videodb://movies/actors/</property>
			<visible>StringCompare(System.ProfileName,Master user)</visible>
			<property name="group">movies</property>
			<property name="isSubmenu">True</property>
		</item>
	</include>
	<include name="skinshortcuts-group-alt-movies">
		<item id="1">
			<property name="id">$NUM[1]</property>
			<label>$LOCALIZE[20386]</label>
			<label2>$ADDON[script.skinshortcuts 32014]</label2>
			<icon>DefaultRecentlyAddedMovies.png</icon>
			<thumb />
			<property name="labelID">20386</property>
			<property name="defaultID">20386</property>
			<visible>[Library.HasContent(Movies)] + StringCompare(Window(10000).Property(submenuVisibility),movies)</visible>
			<onclick>ActivateWindow(Videos,videodb://recentlyaddedmovies/,return)</onclick>
			<property name="path">ActivateWindow(Videos,videodb://recentlyaddedmovies/,return)</property>
			<property name="list">videodb://recentlyaddedmovies/</property>
			<visible>StringCompare(System.ProfileName,Master user)</visible>
			<property name="group">movies</property>
			<property name="isSubmenu">True</property>
		</item>
		<item id="2">
			<property name="id">$NUM[2]</property>
			<label>$LOCALIZE[20434]</label>
			<label2>$LOCALIZE[342]</label2>
			<icon>DefaultSets.png</icon>
			<thumb />
			<property name="labelID">20434</property>
			<property name="defaultID">20434</property>
			<visible>[Library.HasContent(MovieSets)] + StringCompare(Window(10000).Property(submenuVisibility),movies)</visible>
			<onclick>ActivateWindow(Videos,videodb://movies/sets/,return)</onclick>
			<property name="path">ActivateWindow(Videos,videodb://movies/sets/,return)</property>
			<property name="list">videodb://movies/sets/</property>
			<visible>StringCompare(System.ProfileName,Master user)</visible>
			<property name="group">movies</property>
			<property name="isSubmenu">True</property>
		</item>
		<item id="3">
			<property name="id">$NUM[3]</property>
			<label>$LOCALIZE[369]</label>
			<label2>$LOCALIZE[342]</label2>
			<icon>DefaultMovieTitle.png</icon>
			<thumb />
			<property name="labelID">369</property>
			<property name="defaultID">369</property>
			<onclick>ActivateWindow(Videos,videodb://movies/titles/,return)</onclick>
			<property name="path">ActivateWindow(Videos,videodb://movies/titles/,return)</property>
			<property name="list">videodb://movies/titles/</property>
			<visible>[StringCompare(System.ProfileName,Master user)] + StringCompare(Window(10000).Property(submenuVisibility),movies)</visible>
			<property name="group">movies</property>
			<property name="isSubmenu">True</property>
		</item>
		<item id="4">
			<property name="id">$NUM[4]</property>
			<label>$LOCALIZE[135]</label>
			<label2>$LOCALIZE[342]</label2>
			<icon>DefaultGenre.png</icon>
			<thumb />
			<property name="labelID">135</property>
			<property name="defaultID">135</property>
			<onclick>ActivateWindow(Videos,videodb://movies/genres/,return)</onclick>
			<property name="path">ActivateWindow(Videos,videodb://movies/genres/,return)</property>
			<property name="list">videodb://movies/genres/</property>
			<visible>[StringCompare(System.ProfileName,Master user)] + StringCompare(Window(10000).Property(submenuVisibility),movies)</visible>
			<property name="group">movies</property>
			<property name="isSubmenu">True</property>
		</item>
		<item id="5">
			<property name="id">$NUM[5]</property>
			<label>$LOCALIZE[562]</label>
			<label2>$LOCALIZE[342]</label2>
			<icon>DefaultYear.png</icon>
			<thumb />
			<property name="labelID">562</property>
			<property name="defaultID">562</property>
			<onclick>ActivateWindow(Videos,videodb://movies/years/,return)</onclick>
			<property name="path">ActivateWindow(Videos,videodb://movies/years/,return)</property>
			<property name="list">videodb://movies/years/</property>
			<visible>[StringCompare(System.ProfileName,Master user)] + StringCompare(Window(10000).Property(submenuVisibility),movies)</visible>
			<property name="group">movies</property>
			<property name="isSubmenu">True</property>
		</item>
		<item id="6">
			<property name="id">$NUM[6]</property>
			<label>$LOCALIZE[344]</label>
			<label2>$LOCALIZE[342]</label2>
			<icon>DefaultActor.png</icon>
			<thumb />
			<property name="labelID">344</property>
			<property name="defaultID">344</property>
			<onclick>ActivateWindow(Videos,videodb://movies/actors/,return)</onclick>
			<property name="path">ActivateWindow(Videos,videodb://movies/actors/,return)</property>
			<property name="list">videodb://movies/actors/</property>
			<visible>[StringCompare(System.ProfileName,Master user)] + StringCompare(Window(10000).Property(submenuVisibility),movies)</visible>
			<property name="group">movies</property>
			<property name="isSubmenu">True</property>
		</item>
	</include>
	<include name="skinshortcuts-group-tvshows">
		<item id="1">
			<property name="id">$NUM[1]</property>
			<label>$LOCALIZE[20387]</label>
			<label2>$ADDON[script.skinshortcuts 32014]</label2>
			<icon>DefaultRecentlyAddedEpisodes.png</icon>
			<thumb />
			<property name="labelID">20387</property>
			<property name="defaultID">20387</property>
			<visible>Library.HasContent(TVShows)</visible>
			<onclick>ActivateWindow(Videos,videodb://recentlyaddedepisodes/,return)</onclick>
			<property name="path">ActivateWindow(Videos,videodb://recentlyaddedepisodes/,return)</property>
			<property name="list">videodb://recentlyaddedepisodes/</property>
			<visible>StringCompare(System.ProfileName,Master user)</visible>
			<property name="group">tvshows</property>
			<property name="isSubmenu">True</property>
		</item>
		<item id="2">
			<property name="id">$NUM[2]</property>
			<label>$LOCALIZE[369]</label>
			<label2>$LOCALIZE[20343]</label2>
			<icon>DefaultTVShowTitle.png</icon>
			<thumb />
			<property name="labelID">369</property>
			<property name="defaultID">369</property>
			<onclick>ActivateWindow(Videos,videodb://tvshows/titles/,return)</onclick>
			<property name="path">ActivateWindow(Videos,videodb://tvshows/titles/,return)</property>
			<property name="list">videodb://tvshows/titles/</property>
			<visible>StringCompare(System.ProfileName,Master user)</visible>
			<property name="group">tvshows</property>
			<property name="isSubmenu">True</property>
		</item>
		<item id="3">
			<property name="id">$NUM[3]</property>
			<label>$LOCALIZE[135]</label>
			<label2>$LOCALIZE[20343]</label2>
			<icon>DefaultGenre.png</icon>
			<thumb />
			<property name="labelID">135</property>
			<property name="defaultID">135</property>
			<onclick>ActivateWindow(Videos,videodb://tvshows/genres/,return)</onclick>
			<property name="path">ActivateWindow(Videos,videodb://tvshows/genres/,return)</property>
			<property name="list">videodb://tvshows/genres/</property>
			<visible>StringCompare(System.ProfileName,Master user)</visible>
			<property name="group">tvshows</property>
			<property name="isSubmenu">True</property>
		</item>
		<item id="4">
			<property name="id">$NUM[4]</property>
			<label>$LOCALIZE[562]</label>
			<label2>$LOCALIZE[20343]</label2>
			<icon>DefaultYear.png</icon>
			<thumb />
			<property name="labelID">562</property>
			<property name="defaultID">562</property>
			<onclick>ActivateWindow(Videos,videodb://tvshows/years/,return)</onclick>
			<property name="path">ActivateWindow(Videos,videodb://tvshows/years/,return)</property>
			<property name="list">videodb://tvshows/years/</property>
			<visible>StringCompare(System.ProfileName,Master user)</visible>
			<property name="group">tvshows</property>
			<property name="isSubmenu">True</property>
		</item>
		<item id="5">
			<property name="id">$NUM[5]</property>
			<label>$LOCALIZE[344]</label>
			<label2>$LOCALIZE[20343]</label2>
			<icon>DefaultActor.png</icon>
			<thumb />
			<property name="labelID">344</property>
			<property name="defaultID">344</property>
			<onclick>ActivateWindow(Videos,videodb://tvshows/actors/,return)</onclick>
			<property name="path">ActivateWindow(Videos,videodb://tvshows/actors/,return)</property>
			<property name="list">videodb://tvshows/actors/</property>
			<visible>StringCompare(System.ProfileName,Master user)</visible>
			<property name="group">tvshows</property>
			<property name="isSubmenu">True</property>
		</item>
	</include>
	<include name="skinshortcuts-group-alt-tvshows">
		<item id="1">
			<property name="id">$NUM[1]</property>
			<label>$LOCALIZE[20387]</label>
			<label2>$ADDON[script.skinshortcuts 32014]</label2>
			<icon>DefaultRecentlyAddedEpisodes.png</icon>
			<thumb />
			<property name="labelID">20387</property>
			<property name="defaultID">20387</property>
			<visible>[Library.HasContent(TVShows)] + StringCompare(Window(10000).Property(submenuVisibility),tvshows)</visible>
			<onclick>ActivateWindow(Videos,videodb://recentlyaddedepisodes/,return)</onclick>
			<property name="path">ActivateWindow(Videos,videodb://recentlyaddedepisodes/,return)</property>
			<property name="list">videodb://recentlyaddedepisodes/</property>
			<visible>StringCompare(System.ProfileName,Master user)</visible>
			<property name="group">tvshows</property>
			<property name="isSubmenu">True</property>
		</item>
		<item id="2">
			<property name="id">$NUM[2]</property>
			<label>$LOCALIZE[369]</label>
			<label2>$LOCALIZE[20343]</label2>
			<icon>DefaultTVShowTitle.png</icon>
			<thumb />
			<property name="labelID">369</property>
			<property name="defaultID">369</property>
			<onclick>ActivateWindow(Videos,videodb://tvshows/titles/,return)</onclick>
			<property name="path">ActivateWindow(Videos,videodb://tvshows/titles/,return)</property>
			<property name="list">videodb://tvshows/titles/</property>
			<visible>[StringCompare(System.ProfileName,Master user)] + StringCompare(Window(10000).Property(submenuVisibility),tvshows)</visible>
			<property name="group">tvshows</property>
			<property name="isSubmenu">True</property>
		</item>
		<item id="3">
			<property name="id">$NUM[3]</property>
			<label>$LOCALIZE[135]</label>
			<label2>$LOCALIZE[20343]</label2>
			<icon>DefaultGenre.png</icon>
			<thumb />
			<property name="labelID">135</property>
			<property name="defaultID">135</property>
			<onclick>ActivateWindow(Videos,videodb://tvshows/genres/,return)</onclick>
			<property name="path">ActivateWindow(Videos,videodb://tvshows/genres/,return)</property>
			<property name="list">videodb://tvshows/genres/</property>
			<visible>[StringCompare(System.ProfileName,Master user)] + StringCompare(Window(10000).Property(submenuVisibility),tvshows)</visible>
			<property name="group">tvshows</property>
			<property name="isSubmenu">True</property>
		</item>
		<item id="4">
			<property name="id">$NUM[4]</property>
			<label>$LOCALIZE[562]</label>
			<label2>$LOCALIZE[20343]</label2>
			<icon>DefaultYear.png</icon>
			<thumb />
			<property name="labelID">562</property>
			<property name="defaultID">562</property>
			<onclick>ActivateWindow(Videos,videodb://tvshows/years/,return)</onclick>
			<property name="path">ActivateWindow(Videos,videodb://tvshows/years/,return)</property>
			<property name="list">videodb://tvshows/years/</property>
			<visible>[StringCompare(System.ProfileName,Master user)] + StringCompare(Window(10000).Property(submenuVisibility),tvshows)</visible>
			<property name="group">tvshows</property>
			<property name="isSubmenu">True</property>
		</item>
		<item id="5">
			<property name="id">$NUM[5]</property>
			<label>$LOCALIZE[344]</label>
			<label2>$LOCALIZE[20343]</label2>
			<icon>DefaultActor.png</icon>
			<thumb />
			<property name="labelID">344</property>
			<property name="defaultID">344</property>
			<onclick>ActivateWindow(Videos,videodb://tvshows/actors/,return)</onclick>
			<property name="path">ActivateWindow(Videos,videodb://tvshows/actors/,return)</property>
			<property name="list">videodb://tvshows/actors/</property>
			<visible>[StringCompare(System.ProfileName,Master user)] + StringCompare(Window(10000).Property(submenuVisibility),tvshows)</visible>
			<property name="group">tvshows</property>
			<property name="isSubmenu">True</property>
		</item>
	</include>
	<include name="skinshortcuts-group-news">
		<item id="1">
			<property name="id">$NUM[1]</property>
			<label>De afspraak</label>
			<label2>Video Add-On</label2>
			<icon>DefaultShortcut.png</icon>
			<thumb>image://D%3A%5Cappdata%5Croaming%5CKodi%5Caddons%5Cplugin.video.deredactie%5Cicon.png/</thumb>
			<property name="labelID">deafspraak</property>
			<property name="defaultID" />
			<property name="translatedPath">ActivateWindow(VideoLibrary,"plugin://plugin.video.deredactie/?url=http%3A%2F%2Fderedactie.be%2Fpermalink%2F2.40642%3Fmode%3Datom",return)</property>
			<onclick>ActivateWindow(VideoLibrary,"plugin://plugin.video.deredactie/?url=http%3A%2F%2Fderedactie.be%2Fpermalink%2F2.40642%3Fmode%3Datom",return)</onclick>
			<property name="path">ActivateWindow(VideoLibrary,"plugin://plugin.video.deredactie/?url=http%3A%2F%2Fderedactie.be%2Fpermalink%2F2.40642%3Fmode%3Datom",return)</property>
			<property name="list">plugin://plugin.video.deredactie/?url=http%3A%2F%2Fderedactie.be%2Fpermalink%2F2.40642%3Fmode%3Datom</property>
			<visible>StringCompare(System.ProfileName,Master user)</visible>
			<property name="group">news</property>
			<property name="isSubmenu">True</property>
		</item>
		<item id="2">
			<property name="id">$NUM[2]</property>
			<label>Terzake</label>
			<label2>Video Add-On</label2>
			<icon>DefaultShortcut.png</icon>
			<thumb>image://D%3A%5Cappdata%5Croaming%5CKodi%5Caddons%5Cplugin.video.deredactie%5Cicon.png/</thumb>
			<property name="labelID">terzake</property>
			<property name="defaultID" />
			<property name="translatedPath">ActivateWindow(VideoLibrary,"plugin://plugin.video.deredactie/?url=http%3A%2F%2Fderedactie.be%2Fpermalink%2F2.27101%3Fmode%3Datom",return)</property>
			<onclick>ActivateWindow(VideoLibrary,"plugin://plugin.video.deredactie/?url=http%3A%2F%2Fderedactie.be%2Fpermalink%2F2.27101%3Fmode%3Datom",return)</onclick>
			<property name="path">ActivateWindow(VideoLibrary,"plugin://plugin.video.deredactie/?url=http%3A%2F%2Fderedactie.be%2Fpermalink%2F2.27101%3Fmode%3Datom",return)</property>
			<property name="list">plugin://plugin.video.deredactie/?url=http%3A%2F%2Fderedactie.be%2Fpermalink%2F2.27101%3Fmode%3Datom</property>
			<visible>StringCompare(System.ProfileName,Master user)</visible>
			<property name="group">news</property>
			<property name="isSubmenu">True</property>
		</item>
	</include>
	<include name="skinshortcuts-group-alt-news">
		<item id="1">
			<property name="id">$NUM[1]</property>
			<label>De afspraak</label>
			<label2>Video Add-On</label2>
			<icon>DefaultShortcut.png</icon>
			<thumb>image://D%3A%5Cappdata%5Croaming%5CKodi%5Caddons%5Cplugin.video.deredactie%5Cicon.png/</thumb>
			<property name="labelID">deafspraak</property>
			<property name="defaultID" />
			<property name="translatedPath">ActivateWindow(VideoLibrary,"plugin://plugin.video.deredactie/?url=http%3A%2F%2Fderedactie.be%2Fpermalink%2F2.40642%3Fmode%3Datom",return)</property>
			<onclick>ActivateWindow(VideoLibrary,"plugin://plugin.video.deredactie/?url=http%3A%2F%2Fderedactie.be%2Fpermalink%2F2.40642%3Fmode%3Datom",return)</onclick>
			<property name="path">ActivateWindow(VideoLibrary,"plugin://plugin.video.deredactie/?url=http%3A%2F%2Fderedactie.be%2Fpermalink%2F2.40642%3Fmode%3Datom",return)</property>
			<property name="list">plugin://plugin.video.deredactie/?url=http%3A%2F%2Fderedactie.be%2Fpermalink%2F2.40642%3Fmode%3Datom</property>
			<visible>[StringCompare(System.ProfileName,Master user)] + StringCompare(Window(10000).Property(submenuVisibility),news)</visible>
			<property name="group">news</property>
			<property name="isSubmenu">True</property>
		</item>
		<item id="2">
			<property name="id">$NUM[2]</property>
			<label>Terzake</label>
			<label2>Video Add-On</label2>
			<icon>DefaultShortcut.png</icon>
			<thumb>image://D%3A%5Cappdata%5Croaming%5CKodi%5Caddons%5Cplugin.video.deredactie%5Cicon.png/</thumb>
			<property name="labelID">terzake</property>
			<property name="defaultID" />
			<property name="translatedPath">ActivateWindow(VideoLibrary,"plugin://plugin.video.deredactie/?url=http%3A%2F%2Fderedactie.be%2Fpermalink%2F2.27101%3Fmode%3Datom",return)</property>
			<onclick>ActivateWindow(VideoLibrary,"plugin://plugin.video.deredactie/?url=http%3A%2F%2Fderedactie.be%2Fpermalink%2F2.27101%3Fmode%3Datom",return)</onclick>
			<property name="path">ActivateWindow(VideoLibrary,"plugin://plugin.video.deredactie/?url=http%3A%2F%2Fderedactie.be%2Fpermalink%2F2.27101%3Fmode%3Datom",return)</property>
			<property name="list">plugin://plugin.video.deredactie/?url=http%3A%2F%2Fderedactie.be%2Fpermalink%2F2.27101%3Fmode%3Datom</property>
			<visible>[StringCompare(System.ProfileName,Master user)] + StringCompare(Window(10000).Property(submenuVisibility),news)</visible>
			<property name="group">news</property>
			<property name="isSubmenu">True</property>
		</item>
	</include>
	<include name="skinshortcuts-group-plugin-audio-mp3streams">
		<item id="1">
			<property name="id">$NUM[1]</property>
			<label>$LOCALIZE[744]</label>
			<label2>$ADDON[script.skinshortcuts 32019]</label2>
			<icon>DefaultFolder.png</icon>
			<thumb />
			<property name="labelID">744</property>
			<property name="defaultID">744</property>
			<onclick>ActivateWindow(Music,Files,Return)</onclick>
			<property name="path">ActivateWindow(Music,Files,Return)</property>
			<property name="list">Files</property>
			<visible>StringCompare(System.ProfileName,Master user)</visible>
			<property name="group">plugin.audio.mp3streams</property>
			<property name="isSubmenu">True</property>
		</item>
		<item id="2">
			<property name="id">$NUM[2]</property>
			<label>$LOCALIZE[15100]</label>
			<label2>$ADDON[script.skinshortcuts 32019]</label2>
			<icon>DefaultFolder.png</icon>
			<thumb />
			<property name="labelID">15100</property>
			<property name="defaultID">15100</property>
			<onclick>ActivateWindow(Music,MusicLibrary,return)</onclick>
			<property name="path">ActivateWindow(Music,MusicLibrary,return)</property>
			<property name="list">MusicLibrary</property>
			<visible>StringCompare(System.ProfileName,Master user)</visible>
			<property name="group">plugin.audio.mp3streams</property>
			<property name="isSubmenu">True</property>
		</item>
		<item id="3">
			<property name="id">$NUM[3]</property>
			<label>$LOCALIZE[1038]</label>
			<label2>$ADDON[script.skinshortcuts 32019]</label2>
			<icon>DefaultAddonMusic.png</icon>
			<thumb />
			<property name="labelID">1038</property>
			<property name="defaultID">1038</property>
			<onclick>ActivateWindow(Music,Addons,return)</onclick>
			<property name="path">ActivateWindow(Music,Addons,return)</property>
			<property name="list">Addons</property>
			<visible>StringCompare(System.ProfileName,Master user)</visible>
			<property name="group">plugin.audio.mp3streams</property>
			<property name="isSubmenu">True</property>
		</item>
	</include>
	<include name="skinshortcuts-group-alt-plugin-audio-mp3streams">
		<item id="1">
			<property name="id">$NUM[1]</property>
			<label>$LOCALIZE[744]</label>
			<label2>$ADDON[script.skinshortcuts 32019]</label2>
			<icon>DefaultFolder.png</icon>
			<thumb />
			<property name="labelID">744</property>
			<property name="defaultID">744</property>
			<onclick>ActivateWindow(Music,Files,Return)</onclick>
			<property name="path">ActivateWindow(Music,Files,Return)</property>
			<property name="list">Files</property>
			<visible>[StringCompare(System.ProfileName,Master user)] + StringCompare(Window(10000).Property(submenuVisibility),plugin-audio-mp3streams)</visible>
			<property name="group">plugin.audio.mp3streams</property>
			<property name="isSubmenu">True</property>
		</item>
		<item id="2">
			<property name="id">$NUM[2]</property>
			<label>$LOCALIZE[15100]</label>
			<label2>$ADDON[script.skinshortcuts 32019]</label2>
			<icon>DefaultFolder.png</icon>
			<thumb />
			<property name="labelID">15100</property>
			<property name="defaultID">15100</property>
			<onclick>ActivateWindow(Music,MusicLibrary,return)</onclick>
			<property name="path">ActivateWindow(Music,MusicLibrary,return)</property>
			<property name="list">MusicLibrary</property>
			<visible>[StringCompare(System.ProfileName,Master user)] + StringCompare(Window(10000).Property(submenuVisibility),plugin-audio-mp3streams)</visible>
			<property name="group">plugin.audio.mp3streams</property>
			<property name="isSubmenu">True</property>
		</item>
		<item id="3">
			<property name="id">$NUM[3]</property>
			<label>$LOCALIZE[1038]</label>
			<label2>$ADDON[script.skinshortcuts 32019]</label2>
			<icon>DefaultAddonMusic.png</icon>
			<thumb />
			<property name="labelID">1038</property>
			<property name="defaultID">1038</property>
			<onclick>ActivateWindow(Music,Addons,return)</onclick>
			<property name="path">ActivateWindow(Music,Addons,return)</property>
			<property name="list">Addons</property>
			<visible>[StringCompare(System.ProfileName,Master user)] + StringCompare(Window(10000).Property(submenuVisibility),plugin-audio-mp3streams)</visible>
			<property name="group">plugin.audio.mp3streams</property>
			<property name="isSubmenu">True</property>
		</item>
	</include>
	<include name="skinshortcuts-group-weather" />
	<include name="skinshortcuts-group-alt-weather" />
	<include name="skinshortcuts-group-programs">
		<item id="1">
			<property name="id">$NUM[1]</property>
			<label>$LOCALIZE[1037]</label>
			<label2>Videos</label2>
			<icon>DefaultAddonVideo.png</icon>
			<thumb />
			<property name="labelID">1037</property>
			<property name="defaultID">1037</property>
			<property name="translatedPath">ActivateWindow(Videos,Addons,return)</property>
			<onclick>ActivateWindow(Videos,Addons,return)</onclick>
			<property name="path">ActivateWindow(Videos,Addons,return)</property>
			<property name="list">Addons</property>
			<visible>StringCompare(System.ProfileName,Master user)</visible>
			<property name="group">programs</property>
			<property name="isSubmenu">True</property>
		</item>
		<item id="2">
			<property name="id">$NUM[2]</property>
			<label>$LOCALIZE[1038]</label>
			<label2>Music</label2>
			<icon>DefaultAddonMusic.png</icon>
			<thumb />
			<property name="labelID">1038</property>
			<property name="defaultID">1038</property>
			<property name="translatedPath">ActivateWindow(MusicLibrary,Addons,return)</property>
			<onclick>ActivateWindow(Music,Addons,return)</onclick>
			<property name="path">ActivateWindow(Music,Addons,return)</property>
			<property name="list">Addons</property>
			<visible>StringCompare(System.ProfileName,Master user)</visible>
			<property name="group">programs</property>
			<property name="isSubmenu">True</property>
		</item>
		<item id="3">
			<property name="id">$NUM[3]</property>
			<label>$LOCALIZE[24001]</label>
			<label2>Settings</label2>
			<icon>DefaultShortcut.png</icon>
			<thumb />
			<property name="labelID">24001</property>
			<property name="defaultID">24001</property>
			<property name="translatedPath">ActivateWindow(AddonBrowser)</property>
			<onclick>ActivateWindow(AddonBrowser)</onclick>
			<property name="path">ActivateWindow(AddonBrowser)</property>
			<property name="list">AddonBrowser</property>
			<visible>StringCompare(System.ProfileName,Master user)</visible>
			<property name="group">programs</property>
			<property name="isSubmenu">True</property>
		</item>
	</include>
	<include name="skinshortcuts-group-alt-programs">
		<item id="1">
			<property name="id">$NUM[1]</property>
			<label>$LOCALIZE[1037]</label>
			<label2>Videos</label2>
			<icon>DefaultAddonVideo.png</icon>
			<thumb />
			<property name="labelID">1037</property>
			<property name="defaultID">1037</property>
			<property name="translatedPath">ActivateWindow(Videos,Addons,return)</property>
			<onclick>ActivateWindow(Videos,Addons,return)</onclick>
			<property name="path">ActivateWindow(Videos,Addons,return)</property>
			<property name="list">Addons</property>
			<visible>[StringCompare(System.ProfileName,Master user)] + StringCompare(Window(10000).Property(submenuVisibility),programs)</visible>
			<property name="group">programs</property>
			<property name="isSubmenu">True</property>
		</item>
		<item id="2">
			<property name="id">$NUM[2]</property>
			<label>$LOCALIZE[1038]</label>
			<label2>Music</label2>
			<icon>DefaultAddonMusic.png</icon>
			<thumb />
			<property name="labelID">1038</property>
			<property name="defaultID">1038</property>
			<property name="translatedPath">ActivateWindow(MusicLibrary,Addons,return)</property>
			<onclick>ActivateWindow(Music,Addons,return)</onclick>
			<property name="path">ActivateWindow(Music,Addons,return)</property>
			<property name="list">Addons</property>
			<visible>[StringCompare(System.ProfileName,Master user)] + StringCompare(Window(10000).Property(submenuVisibility),programs)</visible>
			<property name="group">programs</property>
			<property name="isSubmenu">True</property>
		</item>
		<item id="3">
			<property name="id">$NUM[3]</property>
			<label>$LOCALIZE[24001]</label>
			<label2>Settings</label2>
			<icon>DefaultShortcut.png</icon>
			<thumb />
			<property name="labelID">24001</property>
			<property name="defaultID">24001</property>
			<property name="translatedPath">ActivateWindow(AddonBrowser)</property>
			<onclick>ActivateWindow(AddonBrowser)</onclick>
			<property name="path">ActivateWindow(AddonBrowser)</property>
			<property name="list">AddonBrowser</property>
			<visible>[StringCompare(System.ProfileName,Master user)] + StringCompare(Window(10000).Property(submenuVisibility),programs)</visible>
			<property name="group">programs</property>
			<property name="isSubmenu">True</property>
		</item>
	</include>
</includes>
