﻿<?xml version="1.0" encoding="UTF-8" standalone="yes"?>
<addon id="mcse.repo" name="mcse repo" version="0.0.2" provider-name="Micael">
	<extension point="xbmc.addon.repository" name="mcse Add-on Repository">
		<info compressed="false">http://raw.github.com/mcsesteves/mcse.repo/master/addons.xml</info>
		<checksum>http://raw.github.com/mcsesteves/mcse.repo/master/addons.xml.md5</checksum>
		<datadir zip="true">http://raw.github.com/mcsesteves/mcse.repo/master/repo/</datadir>
	</extension>
	<extension point="xbmc.addon.metadata">
		<summary>mcse Addon</summary>
		<description>Addon Description</description>
		<disclaimer></disclaimer>
		<platform>all</platform>
	</extension>
</addon>